City_ID,City,Lat,Lng,Max Temp,Humidity,Cloudiness,Wind Speed,Country,Date
0,Olopa,14.6833,-89.35,14.86,98,79,1.54,GT,1670236640
1,Yenagoa,4.9247,6.2642,34.35,48,62,0.6,NG,1670236640
2,Adrar,20.5022,-10.0711,28.02,18,0,1.1,MR,1670236641
3,Hermanus,-34.4187,19.2345,22.11,62,35,4.68,ZA,1670236578
4,Tasiilaq,65.6145,-37.6368,-1.91,76,96,2.43,GL,1670236641
5,Rikitea,-23.1203,-134.9692,23.71,82,81,2.72,PF,1670236459
6,Hambantota,6.1241,81.1185,28.19,89,40,1.54,LK,1670236642
7,Bafra,41.5678,35.9069,14.84,79,98,3.88,TR,1670236642
8,Wamba,8.9333,8.6,36.79,9,89,3.04,NG,1670236643
9,Albany,42.6001,-73.9662,-0.43,81,25,1.48,US,1670236522
10,Busselton,-33.65,115.3333,18.65,68,95,7.51,AU,1670236643
11,Hofn,64.2539,-15.2082,-0.99,74,0,1.54,IS,1670236644
12,Lázaro Cárdenas,17.9583,-102.2,23.28,85,0,1.68,MX,1670236644
13,Ponta do Sol,32.6667,-17.1,19.35,69,82,5.38,PT,1670236645
14,New Norfolk,-42.7826,147.0587,11.72,59,56,0.89,AU,1670236645
15,Rudnichnyy,59.617,52.4703,-13.88,97,20,0.76,RU,1670236646
16,Upington,-28.4478,21.2561,24.21,20,0,3.6,ZA,1670236646
17,Santa Cruz de Barahona,18.2085,-71.1008,20.3,81,0,3.93,DO,1670236646
18,Castro,-24.7911,-50.0119,19.97,91,100,2.67,BR,1670236647
19,Kangaatsiaq,68.3065,-53.4641,0.09,81,94,2.16,GL,1670236647
20,Arraial do Cabo,-22.9661,-42.0278,24.98,73,20,9.26,BR,1670236648
21,Kaitangata,-46.2817,169.8464,10.85,84,99,2.18,NZ,1670236648
22,Mehamn,71.0357,27.8492,-5.05,79,0,8.75,NO,1670236649
23,Barrow,71.2906,-156.7887,-6.99,86,40,15.43,US,1670236649
24,Upernavik,72.7868,-56.1549,-0.54,75,100,3.15,GL,1670236650
25,Hobart,-42.8794,147.3294,11.92,68,75,7.72,AU,1670236650
26,Yellowknife,62.456,-114.3525,-27.71,69,40,5.14,CA,1670236651
27,Vaini,-21.2,-175.2,25.09,94,75,5.66,TO,1670236651
28,Mar del Plata,-38.0023,-57.5575,21.02,91,0,4.02,AR,1670236651
29,Woodstock,43.1334,-80.7497,-0.66,68,7,5.81,CA,1670236652
30,Orlik,52.5178,99.825,-25.47,85,1,1.17,RU,1670236652
31,São João da Barra,-21.6403,-41.0511,24.05,81,100,7.44,BR,1670236653
32,Esperance,-33.8667,121.9,16.84,80,100,6.7,AU,1670236653
33,Hualmay,-11.0964,-77.6139,17.95,90,22,1.91,PE,1670236653
34,Kumluca,36.3703,30.2869,18.58,58,0,2.38,TR,1670236654
35,Bredasdorp,-34.5322,20.0403,21.43,45,69,4.95,ZA,1670236655
36,Inuvik,68.3499,-133.7218,-22.52,57,0,5.14,CA,1670236655
37,Saint George,37.1041,-113.5841,9.33,68,40,1.54,US,1670236655
38,Bluff,-46.6,168.3333,10.45,95,100,1.13,NZ,1670236656
39,Cidreira,-30.1811,-50.2056,22.69,93,69,3.09,BR,1670236656
40,Vardø,70.3705,31.1107,-4.01,80,100,8.75,NO,1670236657
41,Omboué,-1.5746,9.2618,30.91,62,85,1.77,GA,1670236657
42,Bemidji,47.4736,-94.8803,-6.72,92,0,0.0,US,1670236575
43,Butaritari,3.0707,172.7902,27.29,80,93,6.92,KI,1670236657
44,Konyshevka,51.8418,35.2941,-4.87,44,53,4.65,RU,1670236658
45,Iqaluit,63.7506,-68.5145,-8.15,85,100,4.12,CA,1670236659
46,Comodoro Rivadavia,-45.8667,-67.5,17.92,42,0,5.14,AR,1670236659
47,Berlevåg,70.8578,29.0864,-5.03,74,51,8.23,NO,1670236659
48,Champerico,14.3,-91.9167,23.86,80,2,2.09,GT,1670236660
49,Knysna,-34.0363,23.0471,20.7,54,61,4.79,ZA,1670236660
50,Rio Grande,-32.035,-52.0986,23.06,80,55,4.37,BR,1670236661
51,Zyryanovsk,49.7386,84.2719,-18.88,100,82,0.99,KZ,1670236661
52,Punta Arenas,-53.15,-70.9167,5.06,70,20,10.29,CL,1670236661
53,Atuona,-9.8,-139.0333,25.34,77,18,8.41,PF,1670236662
54,Ketchikan,55.3422,-131.6461,1.26,80,0,4.63,US,1670236662
55,Syracuse,37.0881,15.2792,16.77,65,55,0.63,IT,1670236297
56,Saint-Philippe,-21.3585,55.7679,29.77,77,87,5.35,RE,1670236663
57,Saint Paul Harbor,57.79,-152.4072,5.73,81,100,3.92,US,1670236663
58,Carnarvon,-24.8667,113.6333,22.04,75,0,8.75,AU,1670236664
59,Mataura,-46.1927,168.8643,10.27,67,100,3.46,NZ,1670236664
60,Bengkulu,-3.8004,102.2655,25.89,85,97,1.64,ID,1670236664
61,Yaan,7.3833,8.5667,35.43,17,54,3.16,NG,1670236665
62,Coquimbo,-29.9533,-71.3436,14.85,100,100,1.54,CL,1670236144
63,Salinas,36.6777,-121.6555,10.85,85,0,3.6,US,1670236430
64,Maceió,-9.6658,-35.7353,23.69,94,75,4.63,BR,1670236665
65,Puerto Ayora,-0.7393,-90.3518,20.86,93,85,0.89,EC,1670236666
66,Richards Bay,-28.783,32.0377,30.18,61,97,3.52,ZA,1670236083
67,Vostok,46.4856,135.8833,-21.31,98,71,2.44,RU,1670236666
68,Hong Kong,22.2855,114.1577,18.86,73,74,6.71,HK,1670236529
69,Oranjemund,-28.55,16.4333,19.24,61,25,8.82,NA,1670236667
70,Lereşti,45.3333,25.0667,2.56,92,100,1.46,RO,1670236667
71,Ushuaia,-54.8,-68.3,4.81,70,40,7.2,AR,1670236386
72,Thinadhoo,0.5333,72.9333,27.54,73,97,3.19,MV,1670236668
73,Port Alfred,-33.5906,26.891,16.21,96,99,1.34,ZA,1670236668
74,Kaspiysk,42.8816,47.6392,2.1,93,100,6.0,RU,1670236669
75,Itoman,26.1247,127.6694,21.01,92,75,12.35,JP,1670236669
76,Gornoye Loo,43.7129,39.6049,11.88,72,95,1.53,RU,1670236670
77,Galveston,29.3669,-94.9669,20.59,95,100,2.06,US,1670236228
78,Barcelos,41.5388,-8.6151,12.08,84,100,4.47,PT,1670236670
79,Hilo,19.7297,-155.09,22.93,86,75,2.57,US,1670236625
80,Verkhoyansk,67.5447,133.385,-25.94,99,100,1.24,RU,1670236486
81,Ancud,-41.8697,-73.8203,13.04,90,100,6.26,CL,1670236671
82,Erenhot,43.6475,111.9767,-11.54,53,90,4.69,CN,1670236672
83,Pirapora,-17.345,-44.9419,21.55,89,100,2.04,BR,1670236673
84,Manali,13.1667,80.2667,29.05,71,100,5.68,IN,1670236673
85,Qaanaaq,77.484,-69.3632,-7.51,71,99,3.89,GL,1670236673
86,Airai,-8.9266,125.4092,17.07,86,100,0.85,TL,1670236674
87,Saskylakh,71.9167,114.0833,-26.01,95,100,7.11,RU,1670236674
88,Kabanjahe,3.1001,98.4908,17.48,97,100,1.81,ID,1670236675
89,Lábrea,-7.2586,-64.7981,23.57,95,98,1.01,BR,1670236675
90,Mahébourg,-20.4081,57.7,29.16,58,40,5.66,MU,1670236675
91,Kapaa,22.0752,-159.319,23.94,90,100,0.45,US,1670236669
92,Ransang,8.9603,117.5828,26.92,84,100,1.29,PH,1670236676
93,Kungurtug,50.5994,97.5228,-24.73,95,2,0.67,RU,1670236677
94,Mumford,5.2618,-0.759,28.42,74,95,3.87,GH,1670236677
95,Talnakh,69.4865,88.3972,-1.55,97,100,7.79,RU,1670236677
96,Isla Mujeres,21.2311,-86.731,20.03,73,74,5.65,MX,1670236678
97,Yerbogachën,61.2767,108.0108,-12.56,94,100,6.03,RU,1670236678
98,Poretskoye,55.1974,46.3291,-13.22,86,39,1.31,RU,1670236679
99,Guerrero Negro,27.9769,-114.0611,16.08,87,79,4.79,MX,1670236679
100,Uyuni,-20.4597,-66.825,7.55,58,67,5.67,BO,1670236679
101,Chapais,49.7834,-74.8492,-8.12,95,100,4.92,CA,1670236680
102,Ampanihy,-24.7,44.75,34.26,33,99,1.72,MG,1670236680
103,San Cristobal,7.7669,-72.225,18.1,96,54,1.34,VE,1670236681
104,San Policarpo,12.1791,125.5072,27.19,76,100,4.36,PH,1670236681
105,Tuktoyaktuk,69.4541,-133.0374,-27.0,80,18,8.68,CA,1670236682
106,Hithadhoo,-0.6,73.0833,27.71,74,100,4.2,MV,1670236683
107,Umluj,25.0213,37.2685,25.6,58,53,3.32,SA,1670236683
108,Thompson,55.7435,-97.8558,-31.91,68,40,3.6,CA,1670236684
109,Birjand,32.8663,59.2211,13.26,28,75,4.12,IR,1670236684
110,Inhuma,-6.6683,-41.7078,26.48,59,75,5.27,BR,1670236685
111,Jamestown,42.097,-79.2353,-0.23,55,0,3.6,US,1670236685
112,Tamandaré,-8.7597,-35.1047,26.16,80,61,5.48,BR,1670236686
113,Chernyshevskiy,63.0128,112.4714,-17.82,95,100,3.58,RU,1670236686
114,La Ronge,55.1001,-105.2842,-27.86,69,0,1.03,CA,1670236687
115,Gladstone,-23.85,151.25,23.96,73,75,3.09,AU,1670236478
116,Husavik,66.0449,-17.3389,-0.3,76,63,4.78,IS,1670236688
117,Nikolskoye,59.7035,30.7861,-3.06,92,90,2.59,RU,1670236688
118,West Wendover,40.7391,-114.0733,-2.44,93,20,2.57,US,1670236689
119,Saint-Pierre,-21.3393,55.4781,29.82,62,0,9.77,RE,1670236689
120,Grand-Santi,4.25,-54.3833,22.49,98,100,0.61,GF,1670236690
121,Yangjiang,21.85,111.9667,13.74,72,74,4.33,CN,1670236691
122,Aykhal,66.0,111.5,-22.09,99,100,2.26,RU,1670236691
123,Along,28.1667,94.7667,18.26,57,0,0.79,IN,1670236692
124,Faya,18.3851,42.4509,20.29,46,1,4.05,SA,1670236693
125,Hervey Bay,-25.2986,152.8535,22.34,79,6,1.72,AU,1670236694
126,Haikou,20.0458,110.3417,17.07,82,100,3.0,CN,1670236694
127,Huilong,31.8111,121.655,7.74,60,93,4.95,CN,1670236695
128,Cullman,34.1748,-86.8436,10.08,93,100,2.06,US,1670236488
129,Sena Madureira,-9.0656,-68.6569,22.97,79,56,0.94,BR,1670236696
130,Beringovskiy,63.05,179.3167,-14.34,84,84,1.2,RU,1670236696
131,Torbay,47.6666,-52.7314,2.93,95,100,9.26,CA,1670236544
132,Innisfail,-17.5333,146.0333,23.91,72,0,1.57,AU,1670236697
133,Halifax,44.6453,-63.5724,-2.53,80,0,0.45,CA,1670236308
134,Eyl,7.9803,49.8164,29.45,57,74,9.81,SO,1670236697
135,Veere,51.5483,3.6667,5.57,95,75,2.06,NL,1670236698
136,Hamilton,39.1834,-84.5333,-0.71,80,75,2.57,US,1670236079
137,Mashhad,36.297,59.6062,-0.92,86,40,4.12,IR,1670236552
138,Linhares,-19.3911,-40.0722,23.57,82,100,1.18,BR,1670236699
139,Tandil,-37.3217,-59.1332,20.94,59,0,4.0,AR,1670236699
140,Sitka,57.0531,-135.33,-1.06,86,0,2.57,US,1670236699
141,Santa Rosa,14.3122,121.1114,27.99,80,100,4.21,PH,1670236700
142,Tongliao,43.6125,122.2653,-10.33,48,0,3.67,CN,1670236700
143,Pitimbu,-7.4706,-34.8086,26.33,74,73,6.09,BR,1670236678
144,Taoudenni,22.6783,-3.9836,32.26,11,43,7.61,ML,1670236701
145,Port Elizabeth,-33.918,25.5701,21.17,81,75,4.02,ZA,1670236701
146,Inongo,-1.95,18.2667,23.39,83,98,3.72,CD,1670236702
147,Vila Franca do Campo,37.7167,-25.4333,15.23,75,57,2.22,PT,1670236703
148,Bubaque,11.2833,-15.8333,24.04,75,98,5.02,GW,1670236703
149,Brignoles,43.4,6.0667,12.35,76,10,1.26,FR,1670236704
150,Magadan,59.5667,150.8,-20.98,79,58,2.83,RU,1670236704
151,Mahibadhoo,3.7833,72.9667,27.11,71,99,1.39,MV,1670236705
152,La Sarre,48.8002,-79.1996,-2.91,92,100,6.24,CA,1670236705
153,Ribeira Grande,38.5167,-28.7,16.54,88,40,8.23,PT,1670236705
154,Aklavik,68.2191,-135.0107,-24.01,84,22,8.84,CA,1670236706
155,Chokurdakh,70.6333,147.9167,-32.64,98,95,3.26,RU,1670236706
156,Calabozo,8.9242,-67.4293,22.91,81,84,1.85,VE,1670236707
157,Uíge,-7.6087,15.0613,24.5,74,99,0.75,AO,1670236707
158,Cape Town,-33.9258,18.4232,23.95,46,20,6.69,ZA,1670236462
159,Pimentel,-6.8367,-79.9342,17.33,86,86,1.98,PE,1670236707
160,Coria,39.9879,-6.5377,9.14,91,100,9.2,ES,1670236247
161,Pālang,23.2167,90.35,24.55,47,0,3.66,BD,1670236708
162,Sandy Bay,-42.913,147.3532,11.94,68,75,7.72,AU,1670236709
163,Kahului,20.8947,-156.47,24.36,74,40,2.06,US,1670236709
164,Avarua,-21.2078,-159.775,23.03,88,100,2.57,CK,1670236709
165,Saint-Joseph,-21.3667,55.6167,29.21,76,89,4.43,RE,1670236710
166,Marawi,7.9986,124.2928,21.56,97,97,0.96,PH,1670236710
167,Sovetskiy,61.3614,63.5842,-15.19,100,93,1.33,RU,1670236711
168,Kropachëvo,55.0112,57.9896,-16.18,99,97,1.78,RU,1670236711
169,Bato,13.3528,123.3677,25.07,91,100,1.64,PH,1670236711
170,Morondava,-20.2833,44.2833,29.8,58,15,6.79,MG,1670236712
171,Kavieng,-2.5744,150.7967,27.43,75,95,2.22,PG,1670236712
172,Dikson,73.5069,80.5464,-2.23,95,100,8.03,RU,1670236713
173,Pangnirtung,66.1451,-65.7125,1.18,84,100,11.49,CA,1670236713
174,Paraná,-31.732,-60.5238,26.43,59,0,2.84,AR,1670236392
175,Kapoeta,4.7717,33.5903,33.77,26,65,7.39,SS,1670236713
176,Kashgar,39.4547,75.9797,-0.44,29,34,3.0,CN,1670236714
177,East London,-33.0153,27.9116,16.52,94,75,8.75,ZA,1670236714
178,Mount Gambier,-37.8333,140.7667,10.66,71,8,3.89,AU,1670236715
179,Oshakati,-17.7833,15.6833,40.01,15,76,4.35,NA,1670236715
180,Verāval,20.9,70.3667,29.11,34,0,3.24,IN,1670236715
181,Hasaki,35.7333,140.8333,6.79,82,100,9.57,JP,1670236716
182,Samarai,-10.6167,150.6667,26.97,78,44,3.84,PG,1670236716
183,Aswān,24.0934,32.907,24.61,35,0,3.6,EG,1670236717
184,Geraldton,-28.7667,114.6,21.23,73,100,9.26,AU,1670236717
185,George Town,5.4112,100.3354,29.97,84,40,1.54,MY,1670236608
186,Haines Junction,60.7522,-137.5108,-22.03,77,75,0.51,CA,1670236718
187,Chui,-33.6971,-53.4616,21.44,73,0,0.98,UY,1670236718
188,Pemangkat,1.1667,108.9667,26.83,77,100,3.03,ID,1670236719
189,Buala,-8.145,159.5921,26.4,83,100,2.09,SB,1670236719
190,Mulegé,26.8833,-111.9833,20.77,70,100,1.96,MX,1670236720
191,Tiksi,71.6872,128.8694,-23.54,96,100,5.72,RU,1670236720
192,Pisco,-13.7,-76.2167,18.03,82,100,1.54,PE,1670236720
193,Sergeevka,53.88,67.4158,-18.19,97,21,1.47,KZ,1670236721
194,Saldanha,-33.0117,17.9442,23.03,65,4,6.6,ZA,1670236721
195,Harper,4.375,-7.7169,27.48,77,98,2.46,LR,1670236722
196,Tilichiki,60.4667,166.1,-11.55,94,97,3.55,RU,1670236722
197,Farmington,36.7281,-108.2187,5.67,87,40,2.06,US,1670236722
198,Russell,32.3502,-85.1999,13.87,100,75,0.0,US,1670236723
199,Provideniya,64.3833,-173.3,-4.98,74,99,8.12,RU,1670236723
200,Barsovo,61.1667,73.1667,-11.93,97,94,2.75,RU,1670236724
201,Hay River,60.8156,-115.7999,-21.01,65,75,6.69,CA,1670236724
202,Amahai,-3.3333,128.9167,26.98,80,60,1.88,ID,1670236725
203,Bay Roberts,47.5999,-53.2648,2.96,93,100,2.68,CA,1670236725
204,Lompoc,34.6391,-120.4579,12.66,93,97,2.34,US,1670236509
205,Porto-Novo,6.4965,2.6036,30.9,55,97,2.82,BJ,1670236726
206,Khatanga,71.9667,102.5,-22.16,96,98,3.4,RU,1670236726
207,Nikolayevka,53.1257,47.2041,-8.34,75,17,3.57,RU,1670236727
208,Juegang,32.3174,121.1855,8.32,66,22,4.09,CN,1670236727
209,Chicama,-7.8447,-79.1469,15.3,84,12,1.21,PE,1670236727
210,Lavrentiya,65.5833,-171.0,-5.31,75,86,10.63,RU,1670236728
211,Poum,-20.2333,164.0167,25.51,89,100,6.0,NC,1670236728
212,Quaraí,-30.3875,-56.4514,25.01,68,0,4.46,BR,1670236729
213,Bria,6.5423,21.9863,35.91,20,49,2.28,CF,1670236729
214,Kirakira,-10.4544,161.9205,26.58,85,100,2.19,SB,1670236729
215,Severo-Kuril'sk,50.6789,156.125,-6.21,65,100,11.12,RU,1670236730
216,Minden,52.2833,8.9167,2.21,98,100,1.54,DE,1670236730
217,Khovd,48.0056,91.6419,-15.88,78,89,0.18,MN,1670236731
218,Laguna,38.421,-121.4238,10.6,94,20,4.12,US,1670236731
219,Te Anau,-45.4167,167.7167,10.6,93,100,2.22,NZ,1670236731
220,Bafoulabé,13.8065,-10.8321,31.12,40,96,1.42,ML,1670236732
221,Mendi,-6.1761,143.6513,13.75,99,96,0.54,PG,1670236732
222,Ubari,26.5921,12.7805,27.94,12,0,6.12,LY,1670236733
223,Kamenka,51.3223,42.7678,-5.79,43,11,1.79,RU,1670236733
224,San Patricio,28.017,-97.5169,21.58,97,76,2.88,US,1670236734
225,Dubbo,-32.25,148.6167,25.07,41,100,8.23,AU,1670236734
226,Lorengau,-2.0226,147.2712,26.86,79,100,1.35,PG,1670236734
227,Namatanai,-3.6667,152.4333,26.53,79,91,1.26,PG,1670236735
228,Nuuk,64.1835,-51.7216,3.34,52,100,5.66,GL,1670236735
229,Cabo San Lucas,22.8909,-109.9124,24.17,74,30,3.19,MX,1670236604
230,Brae,60.3964,-1.353,6.67,69,100,6.52,GB,1670236736
231,Āsbe Teferī,9.0833,40.8667,24.4,30,31,2.93,ET,1670236736
232,Chervona Sloboda,49.3789,32.1464,-2.13,51,98,5.98,UA,1670236737
233,Lüderitz,-26.6481,15.1594,22.46,47,0,12.3,NA,1670236726
234,Ahipara,-35.1667,173.1667,13.98,90,47,1.23,NZ,1670236738
235,Port Lincoln,-34.7333,135.8667,16.95,62,94,7.22,AU,1670236738
236,Dingle,10.9995,122.6711,24.74,91,100,3.09,PH,1670236738
237,Nome,64.5011,-165.4064,-0.96,80,100,13.89,US,1670236739
238,Lebu,-37.6167,-73.65,12.84,86,1,3.44,CL,1670236739
239,Shemonaīkha,50.6328,81.9056,-15.15,98,100,0.77,KZ,1670236740
240,Naro Moru,-0.1676,37.0213,21.01,53,100,2.83,KE,1670236740
241,Megion,61.0296,76.1136,-18.88,97,96,3.79,RU,1670236741
242,Kiryat Gat,31.61,34.7642,22.66,22,0,4.08,IL,1670236741
243,Tahoua,14.8888,5.2692,32.99,11,59,6.17,NE,1670236742
244,Fortuna,40.5982,-124.1573,7.73,96,75,6.69,US,1670236742
245,Longyearbyen,78.2186,15.6401,-8.09,79,75,12.86,SJ,1670236743
246,Puerto Carreño,6.189,-67.4859,22.82,89,69,2.65,CO,1670236744
247,Kupang,-10.1667,123.5833,30.32,62,75,2.57,ID,1670236744
248,Lewisporte,49.2499,-55.0482,1.84,96,100,1.53,CA,1670236745
249,Todos Santos,23.45,-110.2167,22.95,83,47,2.83,MX,1670236509
250,Sultānpur,26.2667,82.0667,22.76,32,2,2.31,IN,1670236745
251,Kruisfontein,-34.0033,24.7314,19.94,46,60,9.02,ZA,1670236746
252,Panan,15.2134,120.0272,27.38,78,100,1.74,PH,1670236747
253,Havelock,34.8791,-76.9013,10.97,89,20,3.09,US,1670236636
254,Quatre Cocos,-20.2078,57.7625,29.06,65,80,6.57,MU,1670236748
255,Alta Floresta,-9.8756,-56.0861,21.17,100,100,0.89,BR,1670236749
256,Kirkwall,58.9848,-2.9587,6.09,87,75,3.6,GB,1670236749
257,Anadyr,64.75,177.4833,-17.51,77,0,5.0,RU,1670236750
258,Carballo,43.213,-8.691,12.49,81,98,2.08,ES,1670236730
259,Jumla,29.2747,82.1838,9.92,40,0,1.63,NP,1670236751
260,Prince Rupert,54.3161,-130.3201,0.83,88,0,6.17,CA,1670236752
261,Santiago del Estero,-27.7951,-64.2615,26.83,30,6,3.67,AR,1670236203
262,Ixtapa,20.7,-105.2,22.35,89,96,0.45,MX,1670236752
263,Farafangana,-22.8167,47.8333,27.05,69,100,3.05,MG,1670236754
264,Istok,42.7808,20.4875,10.33,79,81,1.1,XK,1670236754
265,Forsytheganj,52.6333,29.7333,-5.98,82,74,4.26,BY,1670236755
266,Langham,52.3668,-106.9679,-20.09,99,99,1.6,CA,1670236755
267,Algeciras,36.1333,-5.4505,16.82,82,75,7.2,ES,1670236756
268,Saint-François,46.4154,3.9054,4.82,93,100,3.6,FR,1670236757
269,Kulhudhuffushi,6.6221,73.07,27.03,76,95,2.73,MV,1670236757
270,Alice Springs,-23.7,133.8833,33.75,10,26,4.12,AU,1670236758
271,La Orilla,17.9833,-102.2333,22.96,85,0,1.64,MX,1670236758
272,Itarema,-2.9248,-39.9167,28.14,64,28,7.46,BR,1670236524
273,Touros,-5.1989,-35.4608,28.25,61,82,6.56,BR,1670236759
274,Puerto Escondido,15.85,-97.0667,23.91,61,6,2.09,MX,1670236638
275,Jacksonville,30.3322,-81.6556,18.0,94,100,2.06,US,1670236760
276,Chara,56.9064,118.2631,-18.89,80,97,1.56,RU,1670236760
277,Cunha,-23.0744,-44.9597,18.41,95,100,1.6,BR,1670236761
278,Khasan,42.4308,130.6434,-4.98,54,0,4.72,RU,1670236761
279,Lahān,26.7296,86.4951,22.49,48,0,2.48,NP,1670236762
280,Xining,36.6167,101.7667,-1.45,41,65,0.86,CN,1670236749
281,Port Hardy,50.6996,-127.4199,-3.9,100,100,1.03,CA,1670236762
282,Ostrovnoy,68.0531,39.5131,-5.13,92,95,5.74,RU,1670236763
283,Codrington,-38.2667,141.9667,11.65,68,50,6.24,AU,1670236763
284,Kapit,2.0167,112.9333,24.13,97,96,0.95,MY,1670236764
285,Conceição do Araguaia,-8.2578,-49.2647,23.5,92,100,1.5,BR,1670236764
286,Zaysan,47.4667,84.8667,-16.08,94,78,1.9,KZ,1670236765
287,Kloulklubed,7.0419,134.2556,26.28,74,100,5.85,PW,1670236765
288,Coaldale,49.7167,-112.6185,-6.18,93,100,2.06,CA,1670236712
289,Voinka,45.8699,33.9914,2.64,70,100,8.88,UA,1670236766
290,Mahabalipuram,12.6264,80.1722,29.03,71,100,6.01,IN,1670236757
291,Pringsewu,-5.3582,104.9744,24.66,90,99,2.82,ID,1670236766
292,Opuwo,-18.0607,13.84,35.5,14,20,1.31,NA,1670236767
293,Vestmannaeyjar,63.4427,-20.2734,4.55,81,0,1.54,IS,1670236767
294,Soke,13.598,-5.9386,32.7,19,100,4.33,ML,1670236768
295,Constitución,-35.3333,-72.4167,15.71,58,0,1.88,CL,1670236768
296,Marzuq,14.4,46.4667,25.98,17,5,2.94,YE,1670236768
297,Ulaangom,49.9811,92.0667,-26.16,93,76,1.46,MN,1670236769
298,Bambous Virieux,-20.3428,57.7575,29.14,58,40,5.66,MU,1670236769
299,Bonthe,7.5264,-12.505,29.11,66,100,1.17,SL,1670236770
300,Bodaybo,57.8506,114.1933,-14.28,90,100,7.78,RU,1670236770
301,Shache,38.4167,77.2406,-0.09,26,88,2.56,CN,1670236771
302,Jiazi,22.8779,116.067,17.26,66,92,5.45,CN,1670236771
303,Dodoma,-6.1722,35.7395,32.79,18,97,3.66,TZ,1670236771
304,Klaksvík,62.2266,-6.589,5.51,76,69,9.52,FO,1670236772
305,Port-Cartier,50.0334,-66.8654,-10.18,93,67,2.14,CA,1670236772
306,La Palma,33.8464,-118.0467,16.01,95,75,0.89,US,1670236773
307,La Macarena,2.1837,-73.7849,20.84,93,95,1.3,CO,1670236773
308,Gao,16.6362,1.637,33.27,10,95,8.27,ML,1670236774
309,Rio Brilhante,-21.8019,-54.5464,22.77,88,100,1.8,BR,1670236774
310,Iquique,-20.2208,-70.1431,17.02,65,2,2.02,CL,1670236508
311,Bundaberg,-24.85,152.35,22.9,90,7,1.6,AU,1670236774
312,Mandera,3.9366,41.867,34.08,29,90,4.31,KE,1670236775
313,Alofi,-19.0595,-169.9187,24.94,94,100,1.03,NU,1670236775
314,Darnah,32.767,22.6367,21.02,42,0,2.03,LY,1670236776
315,Roebourne,-20.7833,117.1333,33.15,31,0,10.14,AU,1670236776
316,Sola,-13.8833,167.55,27.76,72,21,4.21,VU,1670236777
317,Ust-Nera,64.5667,143.2,-44.82,99,67,1.25,RU,1670236777
318,Peterhead,57.5058,-1.7981,4.22,63,81,3.41,GB,1670236777
319,Sémbé,1.6481,14.5806,32.48,47,68,1.28,CG,1670236778
320,Inhambane,-23.865,35.3833,31.99,70,40,8.23,MZ,1670236749
321,Chiredzi,-21.05,31.6667,38.83,19,0,3.9,ZW,1670236778
322,Tungor,53.3808,142.9564,-21.64,87,40,4.96,RU,1670236779
323,Saint Anthony,45.0205,-93.218,-1.59,76,75,2.57,US,1670236779
324,Belaya Gora,68.5333,146.4167,-32.18,98,99,2.57,RU,1670236779
325,Teya,60.3778,92.6267,-19.49,98,92,2.26,RU,1670236780
326,Baculin,7.4525,126.5842,25.63,86,100,2.69,PH,1670236781
327,Boa Vista,2.8197,-60.6733,21.99,94,75,0.0,BR,1670236781
328,Alcobendas,40.5475,-3.642,7.98,94,100,2.68,ES,1670236781
329,Burgersdorp,-30.9977,26.3286,24.73,15,72,9.63,ZA,1670236782
330,Vuktyl,63.8567,57.3094,-18.69,99,99,1.58,RU,1670236782
331,Nivala,63.9167,24.9667,-4.62,90,100,4.75,FI,1670236782
332,São Filipe,14.8961,-24.4956,22.52,65,91,2.08,CV,1670236783
333,Motupe,-6.1519,-79.7142,14.12,83,73,0.54,PE,1670236783
334,Puerto Palomas,31.7667,-107.6167,13.23,82,98,1.26,MX,1670236784
335,Bethel,41.3712,-73.414,-0.03,83,0,0.0,US,1670236784
336,Poltava,49.5937,34.5407,-3.07,43,16,5.89,UA,1670236785
337,Clyde River,70.4692,-68.5914,-13.87,92,100,8.23,CA,1670236785
338,The Valley,18.217,-63.0578,25.46,71,1,6.32,AI,1670236785
339,Nouadhibou,20.931,-17.0347,17.99,94,0,5.14,MR,1670236786
340,Assomada,15.1,-23.6833,21.75,64,97,2.22,CV,1670236786
341,Gebre Guracha,9.8,38.4,21.89,26,77,2.38,ET,1670236787
342,Caruray,10.3094,119.0128,26.57,88,94,3.08,PH,1670236787
343,Pāvilosta,56.8879,21.1859,-2.05,84,100,4.65,LV,1670236787
344,North Bend,43.4065,-124.2243,6.62,99,100,0.0,US,1670236788
345,Oliver,49.1831,-119.5524,-4.86,79,17,1.54,CA,1670236749
346,Souillac,-20.5167,57.5167,29.21,58,40,5.66,MU,1670236789
347,Iranshahr,27.2025,60.6848,25.19,23,0,2.06,IR,1670236789
348,Jaciara,-15.9653,-54.9683,22.49,90,100,0.96,BR,1670236790
349,Olhão,37.0286,-7.8411,15.72,92,40,5.66,PT,1670236790
350,Shakawe,-18.3667,21.85,38.24,14,82,3.15,BW,1670236790
351,Oktyabr'skoye,43.0645,44.7417,-2.92,100,100,4.0,RU,1670236791
352,Sioux Lookout,50.1001,-91.917,-7.96,86,100,4.12,CA,1670236791
353,Ojinaga,29.5667,-104.4167,13.53,71,0,0.0,MX,1670236792
354,Ojuelos de Jalisco,21.8667,-101.5833,6.52,85,2,1.39,MX,1670236792
355,Limbang,4.75,115.0,30.06,93,96,1.38,MY,1670236793
356,Egvekinot,66.3167,-179.1667,-13.72,96,100,2.77,RU,1670236793
357,Palafrugell,41.9174,3.1631,13.02,45,29,1.79,ES,1670236793
358,Necochea,-38.5473,-58.7368,20.09,53,1,4.56,AR,1670236794
359,Escárcega,18.6089,-90.7454,19.58,99,85,1.29,MX,1670236794
360,Umm Kaddadah,13.6017,26.6876,29.4,17,21,8.53,SD,1670236795
361,Faanui,-16.4833,-151.75,26.76,76,5,7.33,PF,1670236795
362,Kalamare,-22.9337,26.5703,31.35,26,66,2.22,BW,1670236796
363,Fes,34.0372,-4.9998,17.14,44,0,1.54,MA,1670236796
364,Ocampo,21.65,-101.5,5.48,85,1,1.29,MX,1670236796
365,Kalakamati,-20.5929,27.3121,36.21,16,30,3.96,BW,1670236797
366,Bechem,7.0903,-2.025,32.6,50,74,0.92,GH,1670236797
367,Norman Wells,65.282,-126.8329,-26.98,76,20,2.06,CA,1670236747
368,Techiman,7.5862,-1.9414,32.62,47,71,0.73,GH,1670236798
369,Evensk,61.95,159.2333,-13.03,84,100,4.46,RU,1670236798
370,Beyneu,45.3167,55.2,-4.4,34,16,4.58,KZ,1670236798
371,Moindou,-21.6924,165.677,26.81,80,100,1.88,NC,1670236799
372,Vanimo,-2.6741,141.3028,26.44,87,99,4.46,PG,1670236799
373,Katsuura,35.1333,140.3,13.2,86,100,8.55,JP,1670236800
374,Gisborne,-38.6533,178.0042,13.31,87,0,2.14,NZ,1670236800
375,Ilulissat,69.2167,-51.1,1.01,47,0,11.83,GL,1670236800
376,Nishihara,26.1842,127.7558,20.6,94,100,12.35,JP,1670236801
377,Bulungu,-4.55,18.6,23.16,84,100,1.39,CD,1670236801
378,Korla,41.7597,86.1469,-3.39,34,100,0.77,CN,1670236803
379,Kurchum,48.5722,83.6542,-18.42,99,47,0.6,KZ,1670236804
380,Sulangan,11.1373,123.7228,27.76,76,100,2.12,PH,1670236805
381,Muisne,0.6,-80.0333,22.67,82,100,2.69,EC,1670236806
382,Carutapera,-1.195,-46.02,26.16,83,98,4.46,BR,1670236806
383,Lumbac,7.7342,124.2528,21.71,94,94,1.19,PH,1670236807
384,Philadelphia,39.9523,-75.1638,1.2,79,0,0.0,US,1670236621
385,Szendrő,48.4,20.7333,4.55,90,100,0.99,HU,1670236807
386,Stephenville,32.2207,-98.2023,15.14,93,100,3.09,US,1670236808
387,Portland,45.5234,-122.6762,2.67,91,100,2.68,US,1670236462
388,Las Juntas,19.4167,-104.7,20.29,94,21,1.05,MX,1670236808
389,Härnösand,62.6323,17.9379,-6.99,73,100,3.47,SE,1670236809
390,Biharamulo,-2.6319,31.3089,23.7,62,100,1.59,TZ,1670236810
391,Mount Darwin,-16.7725,31.5838,34.55,22,1,2.82,ZW,1670236810
392,Plouzané,48.3833,-4.6167,4.18,90,0,4.12,FR,1670236811
393,Kieta,-6.2167,155.6333,25.97,83,100,0.81,PG,1670236811
394,Nyurba,63.2842,118.3319,-26.55,97,70,2.69,RU,1670236812
395,Salalah,17.0151,54.0924,28.05,54,0,4.12,OM,1670236813
396,Maniago,46.1706,12.7078,10.5,94,75,1.54,IT,1670236816
397,Gorontalo,0.5412,123.0595,25.17,92,100,0.63,ID,1670236817
398,Santiago de Cuba,20.0247,-75.8219,21.06,78,20,3.09,CU,1670236521
399,Isangel,-19.55,169.2667,26.7,85,62,2.13,VU,1670236818
400,Basco,20.4487,121.9702,26.36,74,47,9.92,PH,1670236819
401,Pevek,69.7008,170.3133,-27.53,93,95,0.54,RU,1670236819
402,Koygorodok,60.445,50.9968,-13.99,96,34,1.24,RU,1670236820
403,Mweka,-4.85,21.5667,20.74,94,100,1.4,CD,1670236820
404,Camopi,3.1655,-52.3158,22.2,99,100,0.91,GF,1670236822
405,Kualakapuas,-3.0091,114.3876,25.27,92,100,1.57,ID,1670236822
406,Mogadishu,2.0371,45.3438,30.93,66,40,8.75,SO,1670236823
407,Paita,-5.0892,-81.1144,17.29,90,56,3.34,PE,1670236823
408,Suez,29.9737,32.5263,22.03,50,2,6.26,EG,1670236824
409,Nohar,29.1833,74.7667,24.63,16,0,1.77,IN,1670236825
410,Changji,44.0167,87.3167,-8.56,67,97,0.0,CN,1670236825
411,Sanming,26.2486,117.6186,10.12,91,100,1.57,CN,1670236826
412,Minggang,32.4586,114.0486,5.93,51,0,1.93,CN,1670236826
413,Manokwari,-0.8667,134.0833,26.81,80,100,1.29,ID,1670236827
414,Turukhansk,65.8167,87.9833,-3.54,96,100,6.8,RU,1670236827
415,Yeppoon,-23.1333,150.7333,23.88,79,25,3.17,AU,1670236827
416,Wawa,9.9022,4.4192,34.48,20,82,2.27,NG,1670236828
417,Dawlatabad,36.4141,64.9053,1.75,67,99,2.53,AF,1670236828
418,Ajdabiya,30.7554,20.2263,22.92,32,3,4.64,LY,1670236829
419,Maningrida,-12.0667,134.2667,28.86,67,99,2.86,AU,1670236829
420,Tual,-5.6667,132.75,28.55,66,96,2.27,ID,1670236830
421,Tambopata,-12.7333,-69.1833,21.54,97,20,0.93,PE,1670236830
422,Zhangye,38.9342,100.4517,-2.08,54,36,1.57,CN,1670236830
423,Podor,16.6527,-14.9587,23.97,57,0,1.03,MR,1670236831
424,Murgab,37.4966,61.9714,1.93,51,0,2.06,TM,1670236831
425,Rome,43.2128,-75.4557,-1.82,72,0,3.6,US,1670236601
426,Chengde,40.9725,117.9361,-6.67,30,0,1.68,CN,1670236832
427,Tommot,58.9564,126.2925,-15.62,91,100,5.03,RU,1670236832
428,Bud,39.447,-86.1758,-1.99,83,93,2.57,US,1670236833
429,Tres Arroyos,-38.3739,-60.2798,22.84,31,0,5.12,AR,1670236833
430,Susanville,40.4163,-120.653,-2.83,92,75,1.54,US,1670236805
431,Mareeba,-17.0,145.4333,23.4,87,5,1.32,AU,1670236833
432,Talara,-4.5772,-81.2719,18.1,84,42,4.12,PE,1670236834
433,Flinders,-34.5833,150.8552,20.66,86,99,4.02,AU,1670236834
434,Sunland Park,31.7965,-106.58,14.25,80,75,4.63,US,1670236835
435,Reconquista,-29.15,-59.65,26.82,51,0,2.98,AR,1670236754
436,Nanortalik,60.1432,-45.2371,-0.44,80,95,7.55,GL,1670236835
437,Khandyga,62.6667,135.6,-29.28,99,100,0.97,RU,1670236836
438,Svetlaya,46.5389,138.3297,-12.79,68,1,3.21,RU,1670236836
439,Balikpapan,-1.2675,116.8289,26.55,89,20,1.54,ID,1670236837
440,Port Hueneme,34.1478,-119.1951,14.7,95,100,3.6,US,1670236837
441,Tokur,53.1333,132.9,-25.34,96,100,1.62,RU,1670236837
442,Los Llanos de Aridane,28.6585,-17.9182,20.86,92,40,5.14,ES,1670236560
443,Chilca,-12.5211,-76.7372,18.2,89,33,1.5,PE,1670236838
444,Aquiraz,-3.9014,-38.3911,29.14,66,16,6.51,BR,1670236838
445,Rabo de Peixe,37.8,-25.5833,14.73,98,20,1.03,PT,1670236839
446,Luwingu,-10.2621,29.9271,28.15,42,94,0.87,ZM,1670236839
447,Luanda,-8.8368,13.2343,29.0,70,40,5.14,AO,1670236703
448,Manakara,-22.1333,48.0167,27.76,65,99,4.22,MG,1670236840
449,Cayenne,4.9333,-52.3333,23.02,100,100,1.03,GF,1670236840
450,Kautokeino,69.0125,23.0412,-8.52,95,100,2.42,NO,1670236841
451,Kärdla,58.9978,22.7492,-1.08,94,100,3.9,EE,1670236841
452,Pangody,65.85,74.4859,-5.57,91,100,5.89,RU,1670236841
453,Ubinskoye,55.3068,79.6802,-20.66,99,37,1.75,RU,1670236842
454,Trairi,-3.2778,-39.2689,28.53,62,36,6.19,BR,1670236563
455,Port Jervis,41.3751,-74.6927,0.4,83,0,1.49,US,1670236842
456,Plattsburgh,44.6995,-73.4529,1.42,68,20,2.57,US,1670236843
457,Broome,42.2506,-75.833,-1.75,72,0,3.09,US,1670236843
458,Olinda,-8.0089,-34.8553,25.85,78,40,2.06,BR,1670236844
459,Bereket,39.2446,55.5154,2.08,37,0,5.66,TM,1670236844
460,Iława,53.596,19.5685,0.47,89,100,4.66,PL,1670236845
461,Geilo,60.5333,8.2076,-7.95,74,60,3.38,NO,1670236845
462,Wasilla,61.5814,-149.4394,-4.28,82,0,3.6,US,1670236845
463,Tuatapere,-46.1333,167.6833,12.22,84,100,3.21,NZ,1670236846
464,Bac Lieu,9.285,105.7244,26.35,84,92,5.99,VN,1670236846
465,Binabalian Ricor,16.4202,119.9279,28.04,75,82,5.14,PH,1670236847
466,Southbridge,42.0751,-72.0334,-0.94,77,44,1.82,US,1670236847
467,Presidente Franco,-25.5333,-54.6167,24.42,94,98,3.09,PY,1670236847
468,College,64.8569,-147.8028,-14.03,83,20,0.0,US,1670236848
469,Nara,34.6851,135.8049,9.65,62,100,2.54,JP,1670236848
470,Niquero,20.0431,-77.5828,21.94,71,0,6.81,CU,1670236849
471,Burnie,-41.0667,145.9167,13.3,52,34,3.85,AU,1670236849
472,Montepuez,-13.1256,38.9997,31.82,36,80,0.97,MZ,1670236850
473,Elizabeth City,36.2946,-76.2511,4.45,87,0,2.57,US,1670236850
474,Bikin,46.8161,134.26,-18.78,98,39,1.88,RU,1670236850
475,Port Keats,-14.25,129.55,28.97,72,57,4.87,AU,1670236851
476,Mayya,61.7333,130.2811,-36.38,99,100,1.2,RU,1670236851
477,Westport,41.1415,-73.3579,2.08,78,0,0.89,US,1670236619
478,Bar Harbor,44.3876,-68.2039,1.73,56,49,0.45,US,1670236852
479,Merauke,-8.4667,140.3333,27.44,76,70,4.97,ID,1670236852
480,Oistins,13.0667,-59.5333,22.51,94,20,2.57,BB,1670236349
481,Zyryanka,65.75,150.85,-42.34,97,22,2.88,RU,1670236853
482,Valparaíso,-33.0393,-71.6273,12.8,94,40,2.06,CL,1670236706
483,Korčula,42.9622,17.1369,16.02,74,18,7.88,HR,1670236853
484,Norrtälje,59.758,18.705,0.01,72,79,0.68,SE,1670236854
485,Ranong,9.9658,98.6348,25.96,86,100,4.98,TH,1670236854
486,Arlit,18.7369,7.3853,31.53,12,61,1.59,NE,1670236855
487,Bende,5.5572,7.6368,35.29,41,5,0.75,NG,1670236855
488,Chute-aux-Outardes,49.1168,-68.399,-4.01,86,100,3.09,CA,1670236856
489,Arcata,40.8665,-124.0828,8.44,96,100,4.63,US,1670236856
490,High Prairie,55.4334,-116.4858,-14.36,92,100,1.23,CA,1670236856
491,Nālūt,30.3333,10.85,23.65,19,85,1.16,LY,1670236857
492,Ust'-Kan,50.9276,84.761,-18.28,97,77,1.25,RU,1670236857
493,Huarmey,-10.0681,-78.1522,18.21,89,6,2.23,PE,1670236858
494,Tefé,-3.3542,-64.7114,22.91,98,100,0.97,BR,1670236858
495,Santa Teresa del Tuy,10.2341,-66.6631,19.15,97,40,0.23,VE,1670236858
496,Port Blair,11.6667,92.75,26.02,89,100,3.6,IN,1670236859
497,Atar,20.5169,-13.0499,27.3,16,0,1.18,MR,1670236859
498,Matamoros,25.5333,-103.25,17.28,55,70,2.16,MX,1670236860
499,Shelburne,44.0787,-80.2041,-1.75,80,7,7.39,CA,1670236860
500,Bilibino,68.0546,166.4372,-32.18,87,39,2.58,RU,1670236861
501,Berwick,41.0545,-76.2333,0.21,75,0,1.04,US,1670236436
502,Altay,47.8667,88.1167,-13.3,86,69,2.58,CN,1670236861
503,Iowa City,41.6611,-91.5302,-0.2,75,0,1.54,US,1670236862
504,Shakhtinsk,49.71,72.5872,-22.05,96,41,1.68,KZ,1670236862
505,Lenger,42.183,69.8839,-10.31,81,99,1.98,KZ,1670236864
506,Vráble,48.2437,18.3085,8.16,76,99,6.83,SK,1670236864
507,Nemuro,43.3236,145.575,-1.82,60,29,6.98,JP,1670236737
508,Kouqian,43.6391,126.4578,-11.35,71,4,3.3,CN,1670236865
509,Cariati,39.4922,16.9594,15.58,71,54,1.25,IT,1670236865
510,Berdigestyakh,62.0989,126.6992,-28.45,94,100,3.57,RU,1670236866
511,Bad Bevensen,53.0833,10.5833,2.32,97,100,2.14,DE,1670236866
512,Kudahuvadhoo,2.6708,72.8944,26.62,74,94,1.39,MV,1670236867
513,Kattivākkam,13.2167,80.3167,29.05,72,100,5.81,IN,1670236868
514,Mountain Home,43.133,-115.6912,-2.29,93,100,1.54,US,1670236868
515,Blackwater,-23.5833,148.8833,26.42,38,1,3.6,AU,1670236578
516,Havøysund,70.9963,24.6622,-1.87,97,98,5.41,NO,1670236869
517,Pouso Alegre,-22.23,-45.9364,19.91,99,100,1.81,BR,1670236870
518,Qaqortoq,60.7167,-46.0333,-4.02,77,95,2.88,GL,1670236870
519,Praia,14.9215,-23.5087,24.3,57,75,3.6,CV,1670236871
520,Kaitong,44.8135,123.15,-10.04,44,0,6.39,CN,1670236871
521,Alugan,12.2188,125.4808,26.83,77,100,4.07,PH,1670236872
522,Diré,12.2833,-10.9667,31.94,47,83,0.5,ML,1670236872
523,Atikokan,48.7555,-91.6216,-7.17,88,100,3.82,CA,1670236873
524,Paciran,-6.8767,112.3761,27.93,75,84,2.54,ID,1670236874
525,Kununurra,-15.7667,128.7333,34.99,38,41,4.63,AU,1670236874
526,Cherskiy,68.75,161.3,-33.54,92,44,1.39,RU,1670236875
527,Santiago,-33.4569,-70.6483,23.49,48,0,0.0,CL,1670236875
528,Araouane,18.9048,-3.5265,31.12,12,100,6.07,ML,1670236876
529,Tubmanburg,6.8708,-10.8172,29.52,64,100,0.37,LR,1670236877
530,Sterling,39.0062,-77.4286,1.44,83,0,0.0,US,1670236741
531,Polunochnoye,60.8697,60.4153,-14.38,100,97,1.25,RU,1670236878
532,Puquio,-14.7,-74.1333,8.17,46,56,1.25,PE,1670236878
533,Nacala,-14.5428,40.6728,31.62,58,40,7.2,MZ,1670236879
534,Vanavara,60.34,102.2797,-12.1,90,100,6.05,RU,1670236879
535,Tangier,35.7806,-5.8137,16.64,94,75,1.54,MA,1670236839
536,Monrovia,6.3005,-10.7969,27.87,70,100,0.23,LR,1670236679
537,Agde,43.3108,3.4758,11.05,89,0,1.54,FR,1670236881
538,Barra do Bugres,-15.0725,-57.1811,23.51,88,100,2.75,BR,1670236615
539,Srednekolymsk,67.45,153.6833,-43.94,100,60,1.23,RU,1670236882
540,Baykal'sk,51.5058,104.1469,-9.39,69,39,2.41,RU,1670236883
541,Manta,-0.95,-80.7333,21.88,83,100,3.09,EC,1670236883
542,Finschhafen,-6.6024,147.8681,26.68,80,100,0.53,PG,1670236884
543,Ørje,59.4802,11.6602,-3.42,82,69,0.29,NO,1670236884
544,San Jose,37.3394,-121.895,11.7,86,75,4.47,US,1670236771
545,Yulara,-25.2406,130.9889,33.22,13,86,3.0,AU,1670236885
546,Casa Nova,-9.4167,-41.1333,24.34,69,100,8.93,BR,1670236886
547,Atbasar,51.8,68.3333,-19.45,97,100,1.8,KZ,1670236886
548,Bahir Dar,11.5936,37.3908,25.92,26,38,3.08,ET,1670236887
549,San Angelo,31.4638,-100.437,15.12,89,100,4.63,US,1670236887
550,Gizo Government Station,-8.103,156.8419,26.97,79,100,1.14,SB,1670236887
551,Kampong Thom,12.7111,104.8887,27.83,68,83,2.01,KH,1670236888
552,Leningradskiy,69.3833,178.4167,-14.34,90,100,11.87,RU,1670236888
553,Auki,-8.7676,160.7034,25.23,87,100,1.77,SB,1670236889
554,Brookhaven,31.5791,-90.4407,17.11,93,100,1.57,US,1670236889
555,Barão de Melgaço,-16.1944,-55.9675,24.74,82,100,2.29,BR,1670236889
556,Caravelas,-17.7125,-39.2481,23.31,85,100,3.38,BR,1670236890
557,Sucúa,-2.4667,-78.1667,18.4,98,83,1.46,EC,1670236890
558,Kumul,42.8,93.45,-2.9,29,100,2.73,CN,1670236891
559,Grand Gaube,-20.0064,57.6608,29.22,57,67,3.13,MU,1670236891
560,Kerema,-7.9631,145.7785,26.59,78,84,2.19,PG,1670236892
561,Montecristi,-1.05,-80.6667,20.9,83,100,3.09,EC,1670236892
562,Cam Ranh,11.9214,109.1591,24.98,88,20,4.12,VN,1670236893
563,Dubai,25.2582,55.3047,29.16,54,20,4.12,AE,1670236483
564,Otane,-39.8833,176.6333,15.56,97,46,0.99,NZ,1670236893
565,Dublin,37.7021,-121.9358,11.81,87,0,3.6,US,1670236894
566,Kavaratti,10.5669,72.642,28.33,71,69,2.9,IN,1670236894
567,Deputatsky,69.3,139.9,-27.82,96,100,1.95,RU,1670236894
568,Vao,-22.6667,167.4833,25.54,88,93,6.44,NC,1670236895
569,Atasū,48.6814,71.6433,-20.63,93,5,2.88,KZ,1670236895
570,Savinka,50.0785,47.0994,-4.8,35,15,5.16,RU,1670236896
571,Kyabé,9.4515,18.9449,36.24,15,0,3.75,TD,1670236896
572,Jalu,29.0331,21.5482,23.27,30,4,3.24,LY,1670236897
